Player,Span,Mat,Inns,NO,Runs,HS,Ave,BF,SR,100,50,0,4s,6s,opposite team
Australia,,,,,,,,,,,,,,,
Australia,,,,,,,,,,,,,,,
Australia,,,,,,,,,,,,,,,
West Indies,,,,,,,,,,,,,,,
New Zealand,,,,,,,,,,,,,,,
West Indies,,,,,,,,,,,,,,,
West Indies,,,,,,,,,,,,,,,
Australia,,,,,,,,,,,,,,,
New Zealand,,,,,,,,,,,,,,,
New Zealand,,,,,,,,,,,,,,,
Australia,,,,,,,,,,,,,,,
Sri Lanka,,,,,,,,,,,,,,,
England,,,,,,,,,,,,,,,
Australia,,,,,,,,,,,,,,,
Australia,,,,,,,,,,,,,,,
New Zealand,,,,,,,,,,,,,,,
England,,,,,,,,,,,,,,,
West Indies,,,,,,,,,,,,,,,
New Zealand,,,,,,,,,,,,,,,
West Indies,,,,,,,,,,,,,,,
South Africa,,,,,,,,,,,,,,,
England,,,,,,,,,,,,,,,
Sri Lanka,,,,,,,,,,,,,,,
Zimbabwe,,,,,,,,,,,,,,,
Australia,,,,,,,,,,,,,,,
England,,,,,,,,,,,,,,,
West Indies,,,,,,,,,,,,,,,
Sri Lanka,,,,,,,,,,,,,,,
West Indies,,,,,,,,,,,,,,,
England,,,,,,,,,,,,,,,
Bangladesh,,,,,,,,,,,,,,,
Sri Lanka,,,,,,,,,,,,,,,
New Zealand,,,,,,,,,,,,,,,
South Africa,,,,,,,,,,,,,,,
New Zealand,,,,,,,,,,,,,,,
Bangladesh,,,,,,,,,,,,,,,
England,,,,,,,,,,,,,,,
West Indies,,,,,,,,,,,,,,,
New Zealand,,,,,,,,,,,,,,,
Bangladesh,,,,,,,,,,,,,,,
Zimbabwe,,,,,,,,,,,,,,,
Bangladesh,,,,,,,,,,,,,,,
New Zealand,,,,,,,,,,,,,,,
Pakistan,,,,,,,,,,,,,,,
West Indies,,,,,,,,,,,,,,,
South Africa,,,,,,,,,,,,,,,
Sri Lanka,,,,,,,,,,,,,,,
Sri Lanka,,,,,,,,,,,,,,,
South Africa,,,,,,,,,,,,,,,
South Africa,,,,,,,,,,,,,,,
